{
    "loss": [
        1.5208308696746826,
        1.0230767726898193,
        0.8401711583137512,
        0.7888546586036682,
        0.747161865234375,
        0.735781729221344,
        0.7176989316940308,
        0.7035191655158997,
        0.7011351585388184,
        0.6381296515464783,
        0.5976094603538513,
        0.5620772838592529,
        0.5588579177856445,
        0.5579845309257507,
        0.5451366305351257,
        0.5009954571723938,
        0.4773010015487671,
        0.49289432168006897,
        0.5186493396759033,
        0.4778745174407959,
        0.4475467801094055
    ],
    "val_loss": [
        0.6629701256752014,
        0.710508406162262,
        0.6145545244216919,
        0.6491544246673584,
        0.6183376312255859,
        0.6083969473838806,
        0.6711101531982422,
        0.84681236743927,
        0.7109211087226868,
        0.9429594874382019,
        0.9195864796638489,
        0.9880234003067017,
        1.0958020687103271,
        1.153818964958191,
        1.3212743997573853,
        1.2548389434814453,
        1.390120029449463,
        1.3901419639587402,
        1.6118054389953613,
        1.4559288024902344,
        1.4330374002456665
    ],
    "reconstruction_loss": [
        1.09385347366333,
        1.0302345752716064,
        0.9998302459716797,
        0.9693131446838379,
        0.9439176917076111,
        0.9461888670921326,
        0.9183821678161621,
        0.9005779027938843,
        0.9186868071556091,
        0.9017620086669922,
        0.8571863770484924,
        0.861885130405426,
        0.8496227264404297,
        0.8541140556335449,
        0.8453364372253418,
        0.8253542184829712,
        0.8186517357826233,
        0.8004780411720276,
        0.8138109445571899,
        0.8166429400444031,
        0.7920894026756287
    ],
    "val_reconstruction_loss": [
        0.4742654860019684,
        0.4901113212108612,
        0.4839634597301483,
        0.48242640495300293,
        0.49206826090812683,
        0.5008254647254944,
        0.49885478615760803,
        0.4964972138404846,
        0.49893075227737427,
        0.4664328992366791,
        0.5177057385444641,
        0.4932918846607208,
        0.46785542368888855,
        0.4945630729198456,
        0.45910412073135376,
        0.4854135811328888,
        0.4630202353000641,
        0.45930856466293335,
        0.4494359791278839,
        0.5088277459144592,
        0.47684207558631897
    ],
    "classifier_loss": [
        1.9288763999938965,
        1.0084913969039917,
        0.6994155645370483,
        0.6061424016952515,
        0.5475863218307495,
        0.5303881168365479,
        0.5144931674003601,
        0.5120075345039368,
        0.48085010051727295,
        0.37795397639274597,
        0.3346763849258423,
        0.27371764183044434,
        0.27420127391815186,
        0.2689966559410095,
        0.2539720833301544,
        0.17365320026874542,
        0.13219663500785828,
        0.18243198096752167,
        0.21738998591899872,
        0.1381545215845108,
        0.09985652565956116
    ],
    "val_classifier_loss": [
        0.846709132194519,
        1.0149363279342651,
        0.7318633198738098,
        0.8062275052070618,
        0.7577023506164551,
        0.723842978477478,
        0.8578144311904907,
        1.2006744146347046,
        0.8811269998550415,
        1.6842402219772339,
        1.3273050785064697,
        1.6559842824935913,
        2.033397912979126,
        1.951570749282837,
        2.563178777694702,
        2.394545793533325,
        2.799506664276123,
        2.56146240234375,
        3.2755558490753174,
        2.6741621494293213,
        2.7705841064453125
    ],
    "classifier_accuracy": [
        0.5759493708610535,
        0.6924050450325012,
        0.6924050450325012,
        0.6670886278152466,
        0.7139240503311157,
        0.7101265788078308,
        0.755696177482605,
        0.7924050688743591,
        0.7481012940406799,
        0.7772151827812195,
        0.851898729801178,
        0.8569620251655579,
        0.8822785019874573,
        0.9164556860923767,
        0.8708860874176025,
        0.9189873337745667,
        0.9329113960266113,
        0.9291139245033264,
        0.9367088675498962,
        0.9392405152320862,
        0.9746835231781006
    ],
    "val_classifier_accuracy": [
        0.42424243688583374,
        0.43939393758773804,
        0.5151515007019043,
        0.5101010203361511,
        0.4898989796638489,
        0.5303030014038086,
        0.4595959484577179,
        0.4343434274196625,
        0.5050504803657532,
        0.4040403962135315,
        0.44949495792388916,
        0.4292929172515869,
        0.4292929172515869,
        0.39393940567970276,
        0.4343434274196625,
        0.40909090638160706,
        0.4191919267177582,
        0.42424243688583374,
        0.4141414165496826,
        0.39898988604545593,
        0.39393940567970276
    ]
}