{
    "Decision Tree": {
        "accuracy": 0.8461538461538461,
        "precision": 0.8461538461538461,
        "recall": 0.8461538461538461,
        "f1_score": 0.8461538461538461
    },
    "Random Forest": {
        "accuracy": 0.7692307692307693,
        "precision": 0.7730769230769231,
        "recall": 0.7692307692307693,
        "f1_score": 0.7664335664335665
    },
    "SVM": {
        "accuracy": 0.6153846153846154,
        "precision": 0.6134615384615384,
        "recall": 0.6153846153846154,
        "f1_score": 0.6107226107226107
    },
    "KNN": {
        "accuracy": 0.7692307692307693,
        "precision": 0.8384615384615384,
        "recall": 0.7692307692307693,
        "f1_score": 0.7511312217194571
    },
    "Logistic Regression": {
        "accuracy": 0.6923076923076923,
        "precision": 0.6923076923076923,
        "recall": 0.6923076923076923,
        "f1_score": 0.6923076923076923
    }
}